{
  "accuracy": 0.6708704253214639,
  "precision": 0.6648909183155759,
  "recall": 0.6615345784957093,
  "f1": 0.6632085020242915
}